baseMovieId,mostSimilarMovieId,similarityScore,commonRatingsCount
1,885.0,0.9995714733558049,6
2,1056.0,0.9991341336020354,5
3,1081.0,0.9928347144860841,5
4,1116.0,0.9892615153667449,5
5,1050.0,0.9999793248888553,5
6,1017.0,0.9990583353121092,5
7,968.0,0.9982835966230245,7
8,1161.0,0.9917546347418108,5
9,113.0,0.9975992368155907,5
10,493.0,0.9999918018924282,8
11,534.0,0.9966954143725081,6
12,1264.0,0.9910282444691759,5
13,1066.0,0.9997184538171855,5
14,622.0,0.9997202272588412,5
15,1131.0,0.9896301663443439,5
16,33.0,0.9951263816374024,6
17,267.0,0.9930769189789448,5
18,265.0,0.9936701006166992,5
19,308.0,0.9905599914753992,5
20,533.0,0.9947404251775837,5
21,613.0,1.0000000000000002,5
22,335.0,0.9912509314305417,6
23,1169.0,0.9994440661285237,6
24,1022.0,0.9937544517303081,8
25,1269.0,0.9919589656522859,5
26,1141.0,0.9999428990756657,5
27,707.0,0.9998827214112315,5
28,1084.0,0.996835429926523,9
29,950.0,0.9876301512586383,5
30,964.0,0.9999146469832669,5
31,1479.0,0.9935958690862516,5
32,1107.0,0.999505187632835,6
33,16.0,0.9951263816374024,6
34,222.0,0.9799291227098614,5
35,112.0,0.9918661389137049,5
36,289.0,0.9868735311930473,5
37,940.0,0.990292360056044,5
38,1483.0,0.990996812163555,5
39,593.0,0.9937636133318217,5
40,1160.0,0.9975255951289195,7
41,1471.0,0.9962019900959004,5
42,1187.0,0.9911408043590143,5
43,1446.0,0.9999942715586092,5
44,730.0,0.9995982780314303,5
45,1068.0,0.9999000619136421,5
46,724.0,0.9947253419906366,5
47,1298.0,0.992682263625815,5
48,1214.0,0.9950016433506524,5
49,1034.0,0.996871710143635,7
50,766.0,0.99111231480711,7
51,500.0,0.99643197153557,9
52,331.0,0.994422026802147,6
53,853.0,0.988536409823559,9
54,459.0,0.9998476754326124,5
55,601.0,0.9884141476096967,5
56,1143.0,0.9914506793001742,9
57,1086.0,0.9967939870658039,6
58,113.0,0.9930177535134012,5
59,903.0,0.9997461875455236,5
60,1149.0,0.9944163476167238,5
61,295.0,0.9932256247354825,6
62,1004.0,0.9988590294984425,7
63,332.0,0.9904020054742027,7
64,915.0,0.9940081973890195,7
65,1116.0,0.994479786634792,5
66,617.0,0.9904108524394546,5
67,1401.0,0.9929438886125097,6
68,641.0,0.9934376767117152,9
69,534.0,0.983236012728919,5
70,828.0,0.9911896716186829,7
71,330.0,0.9950803580605272,7
72,1199.0,0.9998612214443464,5
73,1473.0,0.9953224053294137,5
74,447.0,0.9850376618781741,5
75,98.0,0.9335317950283906,5
76,306.0,0.9999644231941569,6
77,1111.0,0.9942554050416287,5
78,434.0,0.9987236261382026,6
79,1269.0,0.9888198064866519,7
80,638.0,0.9999971657976723,5
81,887.0,0.9915498068604383,6
82,1279.0,0.9912935051505797,5
83,1401.0,0.99558363738669,7
84,969.0,0.9902254717737464,6
85,1142.0,0.9994693379870646,5
86,947.0,0.9939130302720981,6
87,1172.0,0.9997279594538843,5
88,1145.0,0.9929514624950658,8
89,1202.0,0.9928993251423286,5
90,1263.0,0.9920877305073665,6
91,1249.0,0.9912286689572981,6
92,639.0,0.9962141341228207,11
93,773.0,0.9961270076140974,6
94,1116.0,0.9886564651235803,5
95,1269.0,0.9860034184027539,7
96,18.0,0.9906759402962699,6
97,1024.0,0.9986363856989001,5
98,1449.0,0.9916032465396085,6
99,1117.0,0.984327927311216,5
100,1312.0,0.9975009874603382,6
101,801.0,0.9960018006959619,6
102,637.0,0.9999840141769542,5
103,142.0,0.9966740999033853,5
104,222.0,0.9050733560680331,5
105,192.0,0.991662896064926,9
106,1267.0,0.9980337416851931,5
107,718.0,0.9946846706305366,5
108,699.0,0.9999570696548581,5
109,856.0,0.9969016436014151,6
110,450.0,0.9998864667330899,6
111,976.0,0.9934350069441096,5
112,35.0,0.9918661389137049,5
113,13.0,0.9995820593639275,6
114,945.0,0.9969758774679089,8
115,163.0,0.996223953631135,5
116,533.0,0.993280596285311,7
117,804.0,0.9947094633964441,7
118,999.0,0.9917621165672657,5
119,,-1.0,0
120,1478.0,0.9949823996209775,5
121,1300.0,0.9859788656067838,5
122,1109.0,0.9898349244534135,6
123,645.0,0.9950561835912712,5
124,1401.0,0.9998671511987699,5
125,1269.0,0.9961140191391821,6
126,807.0,0.9993569675673599,5
127,1446.0,0.9988987967663652,6
128,813.0,0.9999987541796794,5
129,1111.0,0.9995859845395951,5
130,1170.0,0.9756921353665001,5
131,1449.0,0.9951541885502764,5
132,533.0,0.9946501961714268,7
133,1218.0,0.9974664590875356,7
134,350.0,0.9995763822963818,7
135,894.0,0.9999999999999999,6
136,1454.0,0.9994779430319483,5
137,444.0,0.9996018580693278,5
138,819.0,0.9926718051009376,5
139,500.0,0.9881536291173308,5
140,1051.0,0.9912071828506466,6
141,963.0,0.9959383029647194,8
142,572.0,0.9999725852436325,5
143,995.0,0.9888789101920892,6
144,1137.0,0.9925077925718995,8
145,902.0,0.9951631773546292,5
146,322.0,0.9777736543982792,6
147,394.0,0.9935152665483642,5
148,681.0,0.9951554414420011,5
149,1137.0,0.9975714922458698,5
150,1174.0,0.9946031902111993,5
151,1211.0,0.9883232134923849,5
152,936.0,0.9935288895702086,5
153,989.0,0.9934436326928479,5
154,947.0,0.9995566178400629,5
155,1145.0,0.993222315344834,5
156,1159.0,0.9930373180001846,5
157,1197.0,0.9928239712324638,8
158,740.0,0.9999514195224866,5
159,881.0,0.9999572015401713,5
160,1052.0,0.9999627340972564,5
161,1440.0,0.9915309331841096,5
162,960.0,0.9927239334201541,5
163,115.0,0.996223953631135,5
164,965.0,0.9940643718193831,5
165,1099.0,0.9999535742395069,6
166,775.0,0.9989597445519303,5
167,967.0,0.9934545974658461,6
168,1264.0,0.9937116128907428,5
169,114.0,0.9949776186421498,44
170,1193.0,0.9949753452802631,8
171,253.0,0.9954974614250578,5
172,1264.0,0.9933458814991943,5
173,1143.0,0.9925948317585206,5
174,1202.0,0.9931124413717821,5
175,1084.0,0.9925984827530603,5
176,329.0,0.9910165242810548,8
177,915.0,0.992164062190559,5
178,701.0,0.9998931964586141,6
179,701.0,0.9937860602925533,6
180,915.0,0.9933983799401026,5
181,1024.0,0.9929520937092119,5
182,424.0,0.9900851551859445,5
183,1058.0,0.9862550835635097,9
184,1305.0,0.9930842349966984,5
185,1524.0,0.9944714897511088,5
186,424.0,0.9898284407676187,8
187,872.0,0.9986759788158286,8
188,1268.0,0.9931207503068027,5
189,921.0,0.9999697630411175,6
190,459.0,0.9994571067873962,5
191,718.0,0.995947996168281,9
192,587.0,0.9942471942136819,6
193,1263.0,0.9930989224599588,6
194,1000.0,0.9929478898810732,6
195,701.0,0.9855103784307105,9
196,1111.0,0.9921553575754738,7
197,1084.0,0.9935403197805305,5
198,1051.0,0.9914056099321038,5
199,982.0,0.9946346457051694,5
200,1148.0,0.9936483119839995,5
201,1244.0,0.9935890557989797,7
202,1116.0,0.9914188199419,7
203,587.0,0.9938813584067283,10
204,938.0,0.9981830835446369,5
205,1015.0,0.9931191720338598,5
206,1401.0,0.9943324213877801,5
207,1421.0,0.9996326043916702,5
208,916.0,0.9934160100615765,5
209,1143.0,0.9927059470331117,7
210,918.0,0.9875799988933477,5
211,1141.0,0.9961701916897309,5
212,1193.0,0.9996273005060404,7
213,835.0,0.9948638669943868,5
214,587.0,0.9941679822670777,8
215,917.0,0.9922266787744017,5
216,1031.0,0.9955756835535015,5
217,1211.0,0.9922438161883608,6
218,1124.0,0.9997731665189759,8
219,963.0,0.9834872968315722,5
220,812.0,0.9949487940976859,5
221,633.0,0.996622447502007,7
222,787.0,0.9999103530010401,5
223,963.0,0.9985566750118592,23
224,467.0,0.9948406541083953,5
225,394.0,0.9923129780299035,6
226,936.0,0.9918709149120039,6
227,999.0,0.9971393211653692,5
228,1454.0,0.991810884705047,5
229,900.0,0.9972360749125587,5
230,115.0,0.9929093340502447,6
231,35.0,0.9905576772981026,6
232,309.0,0.992794311825596,5
233,1469.0,0.9941972310238639,5
234,534.0,0.9978169767581451,5
235,1252.0,0.9931189417912047,5
236,610.0,1.0,5
237,1518.0,0.9834552123613032,8
238,882.0,0.9901267127173703,8
239,1258.0,0.9939231263164281,5
240,1019.0,0.9933894986164414,9
241,1058.0,0.9901264153773163,7
242,1171.0,0.9968772021697769,6
243,1036.0,0.9969796236691737,6
244,499.0,0.9932204054336184,5
245,1171.0,0.9942719272410496,5
246,786.0,0.9995257814189439,5
247,252.0,0.9268298000714664,5
248,1056.0,0.9941355023663482,5
249,557.0,0.9929199944920873,5
250,1286.0,0.9928742884193906,5
251,710.0,0.9979197545285717,7
252,995.0,0.9946051587013072,5
253,171.0,0.9954974614250578,5
254,1273.0,0.9998733335453165,5
255,938.0,0.9954677821274088,5
256,1143.0,0.9999999713659145,5
257,459.0,0.9879294056077729,8
258,1405.0,0.9890279842232897,5
259,1249.0,0.9891436500603885,5
260,320.0,0.9939994149697933,5
261,990.0,0.992311628307218,8
262,691.0,0.9934927132705739,6
263,628.0,0.9851622901655863,6
264,1240.0,0.9932050772030138,5
265,1459.0,0.9954346771935008,5
266,1295.0,0.9998745421309427,5
267,17.0,0.9930769189789448,5
268,786.0,0.9938575062819615,7
269,1478.0,0.9912578546686626,5
270,1208.0,0.9997978984852774,5
271,1268.0,0.995256442484502,5
272,1109.0,1.0,5
273,329.0,0.9970517629808383,10
274,1058.0,0.9949971495499792,6
275,835.0,0.9959448645362646,7
276,1379.0,0.999872963553702,6
277,460.0,0.9970003618543749,5
278,572.0,0.9945368278757486,5
279,789.0,0.9999616755144852,5
280,1440.0,0.9933098505863336,5
281,787.0,0.9961587558195236,5
282,1439.0,0.9906665510692192,5
283,1421.0,0.9935565572180532,5
284,1300.0,0.9926716166978427,5
285,1086.0,0.9960900575768996,10
286,1466.0,0.982946807662117,6
287,1152.0,0.9954395779301838,6
288,587.0,0.9753853623090408,10
289,574.0,0.9986537687561017,5
290,1248.0,0.9998004330583092,5
291,634.0,0.9949909892739621,6
292,1245.0,0.9956622122810852,5
293,1018.0,0.9943035092949556,7
294,1441.0,0.999243541463795,5
295,1221.0,0.9943911230356833,5
296,297.0,0.9896496686556839,5
297,447.0,1.0,5
298,853.0,0.9997911736008859,7
299,829.0,0.9926743010473107,6
300,1393.0,0.9883005077122407,7
301,1093.0,0.9938564006572551,7
302,935.0,0.9997678391505069,5
303,714.0,0.9968928178303177,5
304,1053.0,0.9988265455490186,6
305,956.0,0.9956040063024574,7
306,76.0,0.9999644231941569,6
307,637.0,0.9923640879454895,8
308,892.0,0.9919718948250903,5
309,317.0,0.9944109673069511,5
310,372.0,0.9935835203912338,7
311,57.0,0.9955077511689377,6
312,1038.0,0.9951602681694544,5
313,1282.0,0.990895216698676,5
314,313.0,0.9871317329361189,5
315,1428.0,0.9959813354215278,5
316,969.0,0.9970877873504829,10
317,309.0,0.9944109673069511,5
318,1150.0,0.992280057157662,5
319,1084.0,0.9887690577410346,5
320,260.0,0.9939994149697933,5
321,637.0,0.9896571438560513,6
322,1153.0,0.9955898150754905,5
323,579.0,0.9916893447554223,5
324,1197.0,0.9994448958675918,5
325,166.0,0.9880554919221098,6
326,733.0,0.9941168735852324,5
327,584.0,0.9950073740815361,7
328,415.0,0.990980584462479,8
329,568.0,0.9998685778304213,7
330,469.0,0.9982812950529754,6
331,710.0,0.9949560566548294,5
332,946.0,0.9958346379571101,7
333,267.0,0.9925810934449255,5
334,710.0,0.9939818846305355,5
335,22.0,0.9912509314305417,6
336,535.0,0.9927421356221636,5
337,180.0,0.9932030671213344,5
338,885.0,0.9907804606212026,5
339,888.0,0.9944425756430436,6
340,854.0,0.991784384518369,5
341,678.0,0.9929871217866091,5
342,386.0,0.9950166048443115,5
343,41.0,0.9960042830041004,5
344,10.0,0.9952488128045947,6
345,578.0,0.9980245597650893,6
346,969.0,0.9949109684783175,6
347,493.0,0.9922056154690886,9
348,568.0,0.9999269069952823,7
349,539.0,0.9999947031545362,7
350,134.0,0.9995763822963818,7
351,348.0,0.9874538638123537,6
352,335.0,0.9784204149561939,5
353,902.0,0.991795376433133,5
354,648.0,0.9950802194572089,5
355,1220.0,0.9962965186086156,5
356,876.0,0.999947666926219,5
357,718.0,0.9933220907781314,6
358,869.0,0.9875748469063054,5
359,754.0,0.9952557562524088,5
360,359.0,0.9928924478171793,6
361,324.0,0.9841046436072732,5
362,705.0,0.9921747079354298,5
363,339.0,0.9918039650137043,5
364,640.0,0.9878600268709057,6
365,370.0,0.9999789891827815,5
366,494.0,0.9952423075237274,6
367,1277.0,0.9992092153677479,5
368,1060.0,0.9887299052016904,5
369,523.0,0.988690800998666,7
370,365.0,0.9999789891827815,5
371,782.0,0.999796466874615,7
372,789.0,0.9999883784491727,7
373,1446.0,0.9933166385359288,5
374,294.0,0.9853875399689102,7
375,710.0,1.0,5
376,842.0,0.9921214789623338,5
377,465.0,0.9942745508442238,5
378,1124.0,0.9931556760710339,5
379,1221.0,0.9928328047560618,6
380,963.0,0.9929119169015165,6
381,1451.0,0.9999025140248649,5
382,1084.0,0.9951235915560345,5
383,1232.0,0.993143718153407,5
384,1401.0,0.9980033966385153,5
385,903.0,0.999296488440938,5
386,342.0,0.9950166048443115,5
387,41.0,0.9936824731403253,7
388,1411.0,0.9892914612054517,5
389,809.0,0.9999988635855216,5
390,705.0,0.9819707781822578,5
391,1337.0,0.9998497338469661,5
392,892.0,0.9947833000473656,5
393,1124.0,0.9922646376777055,6
394,392.0,0.9942975005816364,5
395,1140.0,0.9882663169040868,6
396,548.0,0.9950676101010668,5
397,926.0,0.9808825066143259,5
398,993.0,0.9936368325047283,6
399,733.0,0.9966734331492192,5
400,1029.0,0.9968932274731751,5
401,587.0,0.9999696222459147,5
402,918.0,0.9949073972406703,5
403,459.0,0.9946617148188961,6
404,1273.0,0.9945242615455305,5
405,1471.0,0.9922216450824696,7
406,949.0,0.9919015623420705,8
407,102.0,0.9999838904833744,5
408,114.0,0.9952039592768653,35
409,1109.0,0.9999490893768695,5
410,1150.0,0.9913781752192766,5
411,965.0,0.9931620390565132,5
412,1181.0,0.9915291297323323,5
413,620.0,0.990838875613015,5
414,297.0,0.9956592740277989,6
415,1016.0,0.9957755922351832,7
416,833.0,0.998061069366929,5
417,459.0,0.9955671636921558,5
418,251.0,0.9945340624726007,6
419,1473.0,0.9892834750777789,8
420,1218.0,0.9999387067146009,6
421,1056.0,0.9991081039493331,5
422,709.0,0.9988195969288984,5
423,916.0,0.9844141050095616,9
424,457.0,1.0000000000000002,6
425,1197.0,0.9951482960443729,6
426,1098.0,0.9951743921714222,5
427,995.0,0.9940076929353413,5
428,1449.0,0.9954747653012856,7
429,805.0,0.9965028103894664,7
430,896.0,0.9968531681559089,8
431,618.0,0.9909605043118505,6
432,954.0,0.9847167545074513,5
433,1298.0,0.9870142226168195,5
434,78.0,0.9987236261382026,6
435,337.0,0.9901870490938177,5
436,950.0,0.9910531877901372,5
437,439.0,1.0,5
438,440.0,0.9612847364097024,6
439,437.0,1.0,5
440,178.0,0.9923919456802914,5
441,1206.0,0.9898526350343971,6
442,,-1.0,0
443,617.0,0.995671112180396,8
444,137.0,0.9996018580693278,5
445,503.0,0.9926519971799881,5
446,561.0,0.9823382108918756,6
447,297.0,1.0,5
448,1063.0,0.990165774565997,7
449,556.0,0.9990588300644079,5
450,110.0,0.9998864667330899,6
451,1269.0,0.9915238439645854,7
452,837.0,0.9952656409144228,5
453,596.0,0.9977223551259297,5
454,520.0,0.9936542686963483,6
455,608.0,0.9910718871620443,5
456,925.0,0.9953377242102724,6
457,424.0,1.0000000000000002,6
458,610.0,0.9927862830863122,6
459,54.0,0.9998476754326124,5
460,640.0,0.9985432315900031,5
461,1524.0,0.9991774049279117,5
462,964.0,0.9975532738067311,8
463,968.0,0.9954426973795976,6
464,761.0,0.9966148165086604,6
465,1208.0,0.9973013215686093,5
466,714.0,0.99843980623365,5
467,608.0,0.9999962115396354,5
468,929.0,0.9936311141377036,8
469,1244.0,0.9996383100507473,5
470,1468.0,0.9942419884319186,5
471,1036.0,1.0,5
472,1005.0,0.9955377201210883,5
473,1218.0,0.999293693562338,5
474,641.0,0.9936907185370871,25
475,1514.0,0.9927627259252374,5
476,1518.0,0.9933921899628052,5
477,968.0,0.9999704148935561,5
478,714.0,0.9998135158998717,5
479,688.0,1.0,5
480,1524.0,0.9950864728516283,5
481,389.0,0.9946786757550258,6
482,1298.0,0.9940715774768513,7
483,970.0,0.999988901504004,5
484,1124.0,0.9974586940529993,11
485,936.0,0.9936903842615469,6
486,1113.0,0.9949546597525185,6
487,783.0,0.9996616542580864,5
488,1149.0,0.9953766583733962,6
489,1172.0,0.9960959873670184,6
490,306.0,0.9955940170465193,9
491,1182.0,0.9970944336355677,5
492,1045.0,0.994820959345575,7
493,10.0,0.9999918018924282,8
494,890.0,1.0,5
495,966.0,0.9999723499293262,6
496,1615.0,0.9936575678144619,5
497,624.0,0.9999035725288667,5
498,572.0,0.9965476577148503,5
499,1007.0,0.9952998126256805,5
500,614.0,0.9999951683131768,5
501,103.0,0.9912910338368774,5
502,1091.0,0.9977954886380478,5
503,622.0,0.9953996668618165,7
504,115.0,0.9952490534353439,5
505,753.0,0.9954292227659728,5
506,967.0,0.9943345680422817,6
507,1222.0,0.9981215449516435,5
508,1111.0,0.9941262954338982,5
509,993.0,0.9998109145871998,5
510,266.0,0.9991182689330099,7
511,995.0,0.9945185650810031,5
512,1143.0,0.9955190542264516,5
513,1124.0,0.9966134507083263,7
514,915.0,0.9922153773578286,5
515,773.0,0.9926985394842601,6
516,730.0,0.9937455817199439,7
517,18.0,0.9931273538125279,5
518,372.0,0.988262041331796,8
519,1147.0,0.9998398745075381,6
520,1017.0,1.0,5
521,1086.0,0.9987701907435657,6
522,1113.0,0.9965535790793265,5
523,869.0,0.9997123291448499,5
524,1194.0,0.9999821113863357,5
525,1204.0,0.9938006815898826,8
526,344.0,0.9931308294747677,6
527,1278.0,0.990832806068155,5
528,1013.0,0.9941120827055419,5
529,43.0,0.9977742632857212,5
530,1124.0,0.9998596451901723,5
531,1232.0,0.9936711060600243,6
532,343.0,0.9951538678827203,5
533,478.0,0.9953675089245004,5
534,847.0,0.9998628590061401,6
535,329.0,0.994292622509497,5
536,387.0,0.9899425135531635,5
537,494.0,0.9966364099254688,8
538,1217.0,0.9950579975034161,5
539,349.0,0.9999947031545362,7
540,1219.0,0.9982208065102623,5
541,1221.0,0.9999997970444786,5
542,1179.0,0.9922378898464912,5
543,715.0,0.9938169993864899,6
544,705.0,0.9953523026452511,10
545,520.0,0.9955546344790317,5
546,592.0,0.996563626983279,6
547,1128.0,0.9940129183580793,5
548,396.0,0.9950676101010668,5
549,1400.0,0.998893383527883,5
550,1056.0,0.9992725173652327,5
551,1014.0,0.9852761619698076,5
552,635.0,0.9945508096475234,5
553,1206.0,0.9997368278233894,6
554,329.0,0.9902883877865377,7
555,121.0,0.9838522919967058,6
556,849.0,0.9998362861599177,5
557,570.0,0.9965762523511571,6
558,1204.0,0.9910993787147416,5
559,459.0,0.998490217875731,5
560,1469.0,0.9928648248788974,6
561,807.0,0.9995928310074708,6
562,1036.0,0.9960936219421292,5
563,1046.0,0.9881561471148359,6
564,941.0,0.9908710563062518,6
565,699.0,0.9960819673092294,6
566,1268.0,0.9919069118098056,5
567,741.0,0.9948460029893416,6
568,348.0,0.9999269069952823,7
569,726.0,0.9996776754959689,5
570,1021.0,0.9999988991561838,5
571,1001.0,0.9923832393742493,5
572,142.0,0.9999725852436325,5
573,795.0,0.9950722905729985,5
574,289.0,0.9986537687561017,5
575,689.0,0.9916239711623075,5
576,277.0,0.994243765325682,5
577,322.0,0.9854991268621027,5
578,1249.0,0.9994038074088821,8
579,1042.0,0.9999846818116044,5
580,32.0,0.9944202230053747,5
581,535.0,0.9920345955243829,5
582,906.0,0.997544427220923,5
583,114.0,0.9941516818938347,5
584,327.0,0.9950073740815361,7
585,450.0,0.9805577363687238,8
586,931.0,0.9934240249155201,5
587,401.0,0.9999696222459147,5
588,1269.0,0.9986425243732945,7
589,694.0,0.9947964033344112,6
590,1157.0,0.988717794176398,5
591,947.0,0.9995864772719543,5
592,546.0,0.996563626983279,6
593,1011.0,0.9995645944447854,6
594,12.0,0.9568553289565565,5
595,1101.0,0.9925135306958122,5
596,453.0,0.9977223551259297,5
597,1518.0,0.9948426086846802,6
598,,-1.0,0
599,,-1.0,0
600,,-1.0,0
601,1124.0,0.996833778601989,7
602,733.0,0.9947931930088633,5
603,1084.0,0.9945545611544158,5
604,1070.0,0.9955117226649702,6
605,1298.0,0.9999893985663199,5
606,1119.0,0.9931224368566158,8
607,771.0,0.993166908851534,5
608,467.0,0.9999962115396354,5
609,1095.0,0.9972243298934409,5
610,236.0,1.0,5
611,923.0,0.9966080816724737,8
612,728.0,0.9984627654257597,5
613,21.0,1.0000000000000002,5
614,1119.0,0.9999987432512771,6
615,1194.0,0.9968325134816509,8
616,1226.0,0.9999937421532535,5
617,443.0,0.995671112180396,8
618,945.0,0.9958596123016156,7
619,355.0,0.9933667690419404,5
620,1248.0,0.9999945492688054,5
621,399.0,0.9946055528775445,5
622,14.0,0.9997202272588412,5
623,1407.0,0.9999714936419343,6
624,497.0,0.9999035725288667,5
625,1204.0,0.9925910825136214,5
626,,-1.0,0
627,873.0,0.9999999804114708,5
628,1092.0,0.9998381882468637,5
629,1226.0,0.9999786215909496,5
630,114.0,0.9930886700496384,5
631,958.0,0.9915781252057635,5
632,306.0,0.9953697250578207,6
633,221.0,0.996622447502007,7
634,530.0,0.9958080629648373,6
635,710.0,0.999216185065888,6
636,704.0,0.9938632498749723,7
637,1060.0,0.9999999154810505,5
638,80.0,0.9999971657976723,5
639,1195.0,0.9999257195959524,6
640,460.0,0.9985432315900031,5
641,942.0,0.9990666916448085,6
642,887.0,0.9999683029774314,5
643,,-1.0,0
644,1119.0,0.9944668214604812,5
645,123.0,0.9950561835912712,5
646,965.0,0.9945838160599475,5
647,793.0,0.9945104040813911,5
648,1107.0,0.9983788483105897,5
649,972.0,0.9999545588558708,8
650,1226.0,0.9933458647088568,6
651,1204.0,0.993912517180313,5
652,1203.0,0.9950751527491123,5
653,813.0,0.9999927235234825,5
654,545.0,0.9909483495028031,5
655,917.0,0.9946981101589393,6
656,189.0,0.9999582422309519,7
657,1124.0,0.9999446700535701,6
658,821.0,0.9977415788617888,7
659,936.0,0.9954811307789693,5
660,754.0,0.9919867095229189,7
661,798.0,0.9943407610527963,5
662,916.0,0.9958714119510074,6
663,733.0,0.9966457519671323,7
664,1449.0,0.9993883000969442,5
665,1401.0,0.9913399220255222,5
666,638.0,0.9181202566151113,5
667,485.0,0.9871445343159627,5
668,561.0,0.9835259939081259,5
669,193.0,0.9915647087432884,5
670,639.0,0.9949898983531135,9
671,1019.0,0.9941737579721951,5
672,923.0,0.9913165687011668,5
673,1245.0,0.9928623476259989,5
674,1113.0,0.9929614549308562,5
675,921.0,0.9999996133508545,8
676,339.0,0.9895709082067193,5
677,,-1.0,0
678,341.0,0.9929871217866091,5
679,733.0,0.9950378330965712,5
680,266.0,0.9956047192278306,28
681,148.0,0.9951554414420011,5
682,41.0,0.9901577259159516,7
683,929.0,0.9917333478610016,5
684,1483.0,0.9999567213290828,5
685,1190.0,0.9931445347238583,5
686,1210.0,0.9954583700685818,5
687,637.0,0.9913163774863044,5
688,479.0,1.0,5
689,1105.0,0.9930714752488038,6
690,366.0,0.9920211890232672,5
691,900.0,0.9937753771936937,6
692,918.0,0.9996919292806443,5
693,1428.0,0.9998977295342596,5
694,936.0,0.9951671102628347,5
695,739.0,0.9872281854224392,5
696,985.0,0.9947687189844207,9
697,608.0,0.9951692714966587,5
698,32.0,0.9993314995173518,6
699,108.0,0.9999570696548581,5
700,298.0,0.993248499798304,5
701,178.0,0.9998931964586141,6
702,648.0,0.9938668508720193,9
703,847.0,0.9940000786617652,5
704,636.0,0.9938632498749723,7
705,544.0,0.9953523026452511,10
706,760.0,0.9703841397378514,5
707,27.0,0.9998827214112315,5
708,898.0,0.9999845289895521,5
709,422.0,0.9988195969288984,5
710,375.0,1.0,5
711,,-1.0,0
712,1197.0,0.9999999892776965,6
713,863.0,0.9941047593716209,7
714,478.0,0.9998135158998717,5
715,543.0,0.9938169993864899,6
716,1065.0,0.994295037273986,8
717,801.0,0.9999653341454432,5
718,191.0,0.995947996168281,9
719,372.0,0.9915648980825978,6
720,821.0,0.9925463390631959,8
721,979.0,0.9912174339199765,5
722,648.0,0.9923170213345255,8
723,1439.0,0.9999409003231438,6
724,1300.0,0.9969643863261581,5
725,699.0,0.9984290717394435,6
726,569.0,0.9996776754959689,5
727,1054.0,0.9958328798480262,6
728,612.0,0.9984627654257597,5
729,1124.0,0.9928490807264088,6
730,44.0,0.9995982780314303,5
731,1092.0,1.0,5
732,1440.0,0.9998063819538751,5
733,806.0,0.9998739608169988,6
734,864.0,0.9914127102020526,7
735,1117.0,0.9933690533869552,5
736,1284.0,0.9970054309757443,5
737,963.0,0.9936720239493857,5
738,21.0,0.9935901618888953,5
739,1262.0,0.9944559949242103,5
740,158.0,0.9999514195224866,5
741,712.0,0.9999843821279412,5
742,533.0,0.995366764359129,5
743,350.0,0.9862994290936434,5
744,1136.0,0.9998500106582743,6
745,639.0,0.999922251182674,5
746,1111.0,0.9984655425981452,5
747,1148.0,0.9992892489978923,6
748,1240.0,0.9871515084277149,10
749,1194.0,0.9913981374665672,5
750,1067.0,0.9945984469868632,5
751,1103.0,0.991180864077711,5
752,421.0,0.9975711170707884,5
753,1006.0,0.9973385462999041,6
754,359.0,0.9952557562524088,5
755,345.0,0.9948195634125269,5
756,999.0,0.9916104867782546,5
757,,-1.0,0
758,946.0,0.9999270206118696,5
759,1407.0,0.9999864899895758,5
760,485.0,0.9921045478325538,5
761,464.0,0.9966148165086604,6
762,1136.0,0.9924683673244334,8
763,1471.0,0.997997000018156,5
764,101.0,0.994144965845109,5
765,638.0,0.9965227713664767,6
766,302.0,0.999439196654049,5
767,1009.0,0.9913575323377994,5
768,916.0,0.9945323371300092,5
769,986.0,0.9999667253801995,5
770,837.0,0.9957659582684609,7
771,400.0,0.994633278506338,5
772,1113.0,0.9999505981800949,5
773,93.0,0.9961270076140974,6
774,102.0,0.9937337269446649,8
775,744.0,0.9997694434993537,5
776,83.0,0.9945186640171102,6
777,,-1.0,0
778,945.0,0.9922498970620366,7
779,1446.0,0.9962081168515198,5
780,1001.0,0.9932297566102931,6
781,342.0,0.9913524397247465,8
782,371.0,0.999796466874615,7
783,487.0,0.9996616542580864,5
784,,-1.0,0
785,786.0,0.9999202555272573,5
786,785.0,0.9999202555272573,5
787,222.0,0.9999103530010401,5
788,,-1.0,0
789,372.0,0.9999883784491727,7
790,377.0,0.9926433958012185,6
791,95.0,0.9758071201478715,6
792,1218.0,0.995234115005421,5
793,483.0,0.9955866049246545,6
794,495.0,0.9935130454610637,6
795,573.0,0.9950722905729985,5
796,573.0,0.9931331996940805,5
797,500.0,0.994243867434765,5
798,661.0,0.9943407610527963,5
799,194.0,0.9722645096411165,5
800,919.0,0.9969671362181228,7
801,951.0,0.9999961058442044,5
802,812.0,0.9999707688258743,5
803,501.0,0.9902505725877867,5
804,117.0,0.9947094633964441,7
805,429.0,0.9965028103894664,7
806,372.0,0.9999780456607231,5
807,561.0,0.9995928310074708,6
808,478.0,0.9948587675633541,5
809,389.0,0.9999988635855216,5
810,487.0,0.9947209218058269,5
811,805.0,0.9961419670041891,7
812,802.0,0.9999707688258743,5
813,128.0,0.9999987541796794,5
814,,-1.0,0
815,1157.0,0.9953745147333917,6
816,860.0,0.9881422417451657,7
817,,-1.0,0
818,443.0,0.9935063232334632,5
819,1053.0,0.9933063906851511,5
820,279.0,0.9943421401955596,5
821,658.0,0.9977415788617888,7
822,,-1.0,0
823,372.0,0.9988896813502833,5
824,519.0,0.9952719087400002,6
825,500.0,0.9936336699797088,6
826,579.0,0.9932925011455005,6
827,821.0,0.9891193914261801,5
828,471.0,0.9915326942826641,8
829,21.0,0.9997412568583228,6
830,,-1.0,0
831,1416.0,0.9997922586591445,5
832,517.0,0.9930685281650065,5
833,416.0,0.998061069366929,5
834,765.0,0.9945572367104506,5
835,275.0,0.9959448645362646,7
836,921.0,0.995582551537892,5
837,770.0,0.9957659582684609,7
838,,-1.0,0
839,,-1.0,0
840,614.0,0.9981663646622044,5
841,1059.0,0.9918075930690519,6
842,1126.0,0.9999987501016444,6
843,1147.0,0.9970566027989104,5
844,1015.0,0.994335879166955,5
845,587.0,0.9909614351587548,6
846,578.0,0.9941806961371046,6
847,534.0,0.9998628590061401,6
848,285.0,0.9947299521991784,6
849,556.0,0.9998362861599177,5
850,,-1.0,0
851,,-1.0,0
852,,-1.0,0
853,298.0,0.9997911736008859,7
854,853.0,0.9963066680105568,8
855,936.0,0.9959183037148067,8
856,109.0,0.9969016436014151,6
857,,-1.0,0
858,,-1.0,0
859,410.0,0.9876192197148312,5
860,816.0,0.9881422417451657,7
861,,-1.0,0
862,450.0,0.9752666539405103,5
863,473.0,0.9947350099122167,6
864,1054.0,0.9994479519129083,5
865,489.0,0.9953792821437074,5
866,966.0,0.9961555888247645,6
867,302.0,0.9937837374429959,5
868,100.0,0.9824914272464829,5
869,523.0,0.9997123291448499,5
870,3.0,0.9916404801673703,5
871,345.0,0.9895717723824657,5
872,187.0,0.9986759788158286,8
873,627.0,0.9999999804114708,5
874,26.0,0.9921385361456174,5
875,1226.0,0.986849284943008,7
876,356.0,0.999947666926219,5
877,928.0,0.998614028947329,5
878,681.0,0.9919910330728047,8
879,912.0,0.9988829518047554,5
880,290.0,0.9939394985913892,5
881,159.0,0.9999572015401713,5
882,1395.0,0.9996965210835685,5
883,1038.0,0.9999995438142789,5
884,269.0,0.9598795100428198,5
885,1.0,0.9995714733558049,6
886,938.0,0.9998027359118089,5
887,642.0,0.9999683029774314,5
888,339.0,0.9944425756430436,6
889,45.0,0.9997621541577879,5
890,494.0,1.0,5
891,313.0,0.9317575121722836,5
892,392.0,0.9947833000473656,5
893,678.0,0.9633987693478047,7
894,135.0,0.9999999999999999,6
895,1244.0,0.9968659073184993,5
896,430.0,0.9968531681559089,8
897,,-1.0,0
898,708.0,0.9999845289895521,5
899,333.0,0.9714625456440872,6
900,229.0,0.9972360749125587,5
901,687.0,0.9740515528289042,5
902,145.0,0.9951631773546292,5
903,59.0,0.9997461875455236,5
904,561.0,0.9963791911485962,5
905,569.0,0.9915616228350638,5
906,582.0,0.997544427220923,5
907,,-1.0,0
908,350.0,0.988793560056789,6
909,1024.0,0.995242040725088,6
910,,-1.0,0
911,,-1.0,0
912,879.0,0.9988829518047554,5
913,,-1.0,0
914,531.0,0.9864305713987331,5
915,136.0,0.9950297032606724,5
916,662.0,0.9958714119510074,6
917,100.0,0.9966618498321644,6
918,692.0,0.9996919292806443,5
919,1174.0,0.9995833397639979,5
920,,-1.0,0
921,675.0,0.9999996133508545,8
922,494.0,0.9940877231835462,5
923,500.0,0.9987932792365486,5
924,812.0,0.9942053681175606,6
925,939.0,0.9961819530269606,9
926,348.0,0.9987264069361764,5
927,14.0,0.9852756844230823,5
928,877.0,0.998614028947329,5
929,251.0,0.9968253514356653,7
930,1274.0,0.996929835513497,5
931,898.0,0.9962913438363179,5
932,795.0,0.9922740829583926,7
933,32.0,0.9918901483072134,7
934,59.0,0.9926411041201287,6
935,302.0,0.9997678391505069,5
936,620.0,0.9972975173567151,5
937,381.0,0.9922939108293096,5
938,886.0,0.9998027359118089,5
939,925.0,0.9961819530269606,9
940,1046.0,0.9913144253174364,8
941,537.0,0.9924645590994592,5
942,297.0,0.9999991326481611,5
943,854.0,0.9947732252344746,5
944,977.0,0.9999999211758623,8
945,114.0,0.9969758774679089,8
946,758.0,0.9999270206118696,5
947,591.0,0.9995864772719543,5
948,241.0,0.9856993965010655,7
949,406.0,0.9919015623420705,8
950,1137.0,0.995743363375553,6
951,801.0,0.9999961058442044,5
952,1199.0,0.994846173858771,6
953,629.0,0.9943254493275258,7
954,23.0,0.9949719064292376,7
955,641.0,0.9945279298858017,5
956,305.0,0.9956040063024574,7
957,,-1.0,0
958,223.0,0.9930497907540788,5
959,1111.0,0.9931866469329246,5
960,1098.0,0.9931695476270874,8
961,741.0,0.9950054576277145,5
962,950.0,0.9842001515717136,6
963,223.0,0.9985566750118592,23
964,30.0,0.9999146469832669,5
965,811.0,0.9953163450212686,5
966,495.0,0.9999723499293262,6
967,506.0,0.9943345680422817,6
968,477.0,0.9999704148935561,5
969,316.0,0.9970877873504829,10
970,483.0,0.999988901504004,5
971,297.0,0.9985483530537018,5
972,649.0,0.9999545588558708,8
973,,-1.0,0
974,87.0,0.9914686794379819,6
975,1134.0,0.9948674883970507,7
976,111.0,0.9934350069441096,5
977,944.0,0.9999999211758623,8
978,107.0,0.9917763710335045,9
979,101.0,0.9946332196276658,6
980,500.0,0.9971768028320023,6
981,926.0,0.9795778110181105,5
982,199.0,0.9946346457051694,5
983,29.0,0.9869055047864279,5
984,930.0,0.9925150742287226,14
985,696.0,0.9947687189844207,9
986,769.0,0.9999667253801995,5
987,,-1.0,0
988,1277.0,0.9925803296916943,6
989,153.0,0.9934436326928479,5
990,512.0,0.9926041378674472,5
991,744.0,0.9883379636389187,5
992,,-1.0,0
993,509.0,0.9998109145871998,5
994,289.0,0.977689243886976,5
995,1197.0,0.9999745274998443,5
996,628.0,0.9996926460498298,5
997,416.0,0.9936559605178433,6
998,465.0,0.9885994452367295,6
999,227.0,0.9971393211653692,5
1000,194.0,0.9929478898810732,6
1001,780.0,0.9932297566102931,6
1002,456.0,0.9802814952436488,5
1003,88.0,0.9694097673219421,5
1004,62.0,0.9988590294984425,7
1005,472.0,0.9955377201210883,5
1006,753.0,0.9973385462999041,6
1007,499.0,0.9952998126256805,5
1008,1171.0,0.9999417808604397,5
1009,1171.0,0.9940566399421595,6
1010,887.0,0.9942184432343707,6
1011,593.0,0.9995645944447854,6
1012,611.0,0.9949437045645256,5
1013,528.0,0.9941120827055419,5
1014,493.0,0.9944065617084,5
1015,844.0,0.994335879166955,5
1016,1022.0,0.996084850407327,5
1017,520.0,1.0,5
1018,1208.0,0.9999842644818,5
1019,671.0,0.9941737579721951,5
1020,306.0,0.9958576885656265,7
1021,570.0,0.9999988991561838,5
1022,1016.0,0.996084850407327,5
1023,85.0,0.9984915733429948,5
1024,97.0,0.9986363856989001,5
1025,359.0,0.9932018542592906,5
1026,,-1.0,0
1027,,-1.0,0
1028,804.0,0.9930074240952526,6
1029,400.0,0.9968932274731751,5
1030,409.0,0.9880116756255092,5
1031,216.0,0.9955756835535015,5
1032,1469.0,0.9999995624828175,5
1033,460.0,0.9852741625126529,5
1034,49.0,0.996871710143635,7
1035,1147.0,0.9948321044917665,5
1036,471.0,1.0,5
1037,304.0,0.9915716711213255,6
1038,883.0,0.9999995438142789,5
1039,1172.0,0.9998969510536759,5
1040,779.0,0.9901715050626021,5
1041,634.0,0.9941838284159918,5
1042,579.0,0.9999846818116044,5
1043,281.0,0.9935813272590881,5
1044,456.0,0.9953256644965321,5
1045,1153.0,0.9999993331361866,5
1046,270.0,0.9947297300193675,7
1047,842.0,0.9921853643947148,7
1048,1166.0,0.9942491761916974,5
1049,833.0,0.9903758977018081,5
1050,5.0,0.9999793248888553,5
1051,370.0,0.9933710988345923,5
1052,160.0,0.9999627340972564,5
1053,304.0,0.9988265455490186,6
1054,864.0,0.9994479519129083,5
1055,72.0,0.9936046872026005,5
1056,550.0,0.9992725173652327,5
1057,485.0,0.989305749953289,6
1058,765.0,0.9959524375926131,5
1059,1098.0,0.9942346331905793,6
1060,637.0,0.9999999154810505,5
1061,707.0,0.9929986780117422,5
1062,909.0,0.9941070634679431,5
1063,291.0,0.9949492062355934,5
1064,,-1.0,0
1065,716.0,0.994295037273986,8
1066,13.0,0.9997184538171855,5
1067,750.0,0.9945984469868632,5
1068,45.0,0.9999000619136421,5
1069,770.0,0.9909304061094032,5
1070,639.0,0.9981929822863568,5
1071,656.0,0.9988089444177721,5
1072,17.0,0.9842212567054123,5
1073,1153.0,0.9968558294744277,7
1074,1129.0,0.992591258963803,5
1075,447.0,0.9925903772466527,5
1076,366.0,0.9898962858195259,6
1077,475.0,0.9873449956052606,7
1078,553.0,0.9951645529423547,7
1079,879.0,0.9882263903790502,5
1080,,-1.0,0
1081,3.0,0.9928347144860841,5
1082,289.0,0.9858326008538094,7
1083,53.0,0.9857588934245125,6
1084,28.0,0.996835429926523,9
1085,324.0,0.9888414403612312,5
1086,521.0,0.9987701907435657,6
1087,245.0,0.9841914664755473,5
1088,658.0,0.9843909982544206,5
1089,713.0,0.9933526483855306,5
1090,1239.0,0.9999271041836413,5
1091,502.0,0.9977954886380478,5
1092,731.0,1.0,5
1093,301.0,0.9938564006572551,7
1094,864.0,0.9909913898173822,5
1095,609.0,0.9972243298934409,5
1096,,-1.0,0
1097,1252.0,0.9999818381693951,5
1098,572.0,0.9957292434627039,7
1099,165.0,0.9999535742395069,6
1100,212.0,0.9989097889111401,5
1101,902.0,0.993234457826548,5
1102,692.0,0.9906832414044715,5
1103,537.0,0.9930524397110383,6
1104,,-1.0,0
1105,689.0,0.9930714752488038,6
1106,,-1.0,0
1107,620.0,0.9999933729227121,5
1108,203.0,0.9797862818628627,5
1109,272.0,1.0,5
1110,1215.0,0.9958034478753427,5
1111,129.0,0.9995859845395951,5
1112,519.0,0.9922671799953438,7
1113,772.0,0.9999505981800949,5
1114,741.0,0.9946197227644343,5
1115,212.0,0.9962949688252343,5
1116,657.0,0.994759437873588,6
1117,443.0,0.9943540330586718,5
1118,745.0,0.99913068764816,6
1119,614.0,0.9999987432512771,6
1120,21.0,0.9997321539044021,5
1121,1007.0,0.994827313515016,6
1122,,-1.0,0
1123,,-1.0,0
1124,657.0,0.9999446700535701,6
1125,,-1.0,0
1126,842.0,0.9999987501016444,6
1127,332.0,0.9640254060817371,6
1128,547.0,0.9940129183580793,5
1129,189.0,0.9960874893094348,5
1130,,-1.0,0
1131,15.0,0.9896301663443439,5
1132,1133.0,0.9999685214007235,5
1133,1132.0,0.9999685214007235,5
1134,921.0,0.9999897489895884,5
1135,1208.0,0.9922330717750777,8
1136,744.0,0.9998500106582743,6
1137,149.0,0.9975714922458698,5
1138,181.0,0.9527418798603886,5
1139,1469.0,0.9934500184282433,6
1140,931.0,0.9912365515408165,5
1141,26.0,0.9999428990756657,5
1142,85.0,0.9994693379870646,5
1143,256.0,0.9999999713659145,5
1144,,-1.0,0
1145,155.0,0.993222315344834,5
1146,,-1.0,0
1147,519.0,0.9998398745075381,6
1148,747.0,0.9992892489978923,6
1149,1119.0,0.9993362579989119,5
1150,318.0,0.992280057157662,5
1151,118.0,0.9868329493896608,6
1152,287.0,0.9954395779301838,6
1153,1045.0,0.9999993331361866,5
1154,235.0,0.9884880492976751,6
1155,,-1.0,0
1156,,-1.0,0
1157,815.0,0.9953745147333917,6
1158,,-1.0,0
1159,270.0,0.9943336692114465,5
1160,40.0,0.9975255951289195,7
1161,191.0,0.9933329632613525,6
1162,7.0,0.9580024236537191,5
1163,1119.0,0.9916915215875571,5
1164,274.0,0.9705823413033441,5
1165,328.0,0.9896815635822751,7
1166,498.0,0.9961581643068484,6
1167,471.0,0.9992204599895421,5
1168,272.0,0.9955600089372616,9
1169,23.0,0.9994440661285237,6
1170,645.0,0.9925271928338374,6
1171,1375.0,0.9999994622328199,5
1172,1039.0,0.9998969510536759,5
1173,471.0,0.985184038368585,5
1174,160.0,0.9998809156984237,5
1175,288.0,0.7399140823725857,5
1176,213.0,0.986442024197084,5
1177,72.0,0.9398964247949888,6
1178,1228.0,0.9999020824448528,8
1179,542.0,0.9922378898464912,5
1180,118.0,0.9908783352776757,5
1181,578.0,0.9924438467523959,6
1182,523.0,0.9980345196921382,5
1183,39.0,0.9917166554530719,5
1184,1035.0,0.9884592190481146,5
1185,245.0,0.9927693375509814,5
1186,,-1.0,0
1187,32.0,0.992532902083238,5
1188,1226.0,0.9897186668128902,5
1189,,-1.0,0
1190,220.0,0.993475101404733,5
1191,,-1.0,0
1192,372.0,0.9927571042591953,5
1193,212.0,0.9996273005060404,7
1194,524.0,0.9999821113863357,5
1195,639.0,0.9999257195959524,6
1196,,-1.0,0
1197,712.0,0.9999999892776965,6
1198,211.0,0.9925233157998178,5
1199,72.0,0.9998612214443464,5
1200,137.0,0.995285407961718,5
1201,,-1.0,0
1202,10.0,0.9951024833619065,5
1203,1204.0,0.9997563563224847,5
1204,1203.0,0.9997563563224847,5
1205,89.0,0.9731360487088059,5
1206,1221.0,0.9999427412311388,5
1207,190.0,0.9871441819799617,5
1208,1018.0,0.9999842644818,5
1209,815.0,0.993614236011764,5
1210,686.0,0.9954583700685818,5
1211,217.0,0.9922438161883608,6
1212,218.0,0.9913813703724752,5
1213,1042.0,0.9846365561853939,5
1214,48.0,0.9950016433506524,5
1215,1110.0,0.9958034478753427,5
1216,246.0,0.9697285007195079,5
1217,538.0,0.9950579975034161,5
1218,420.0,0.9999387067146009,6
1219,540.0,0.9982208065102623,5
1220,1518.0,0.9970038422298382,5
1221,541.0,0.9999997970444786,5
1222,507.0,0.9981215449516435,5
1223,,-1.0,0
1224,833.0,0.9948800753684324,5
1225,136.0,0.9929911754200224,5
1226,616.0,0.9999937421532535,5
1227,90.0,0.9839496735149923,5
1228,1178.0,0.9999020824448528,8
1229,250.0,0.9907523837353379,5
1230,206.0,0.9868200109236696,5
1231,396.0,0.991652708206616,5
1232,531.0,0.9936711060600243,6
1233,286.0,0.9634276495932238,5
1234,690.0,0.9249217544413072,5
1235,,-1.0,0
1236,,-1.0,0
1237,750.0,0.99102278115625,5
1238,272.0,0.9875097873135539,6
1239,1407.0,0.999999961347307,5
1240,854.0,0.9943374702487715,5
1241,287.0,0.9696714869870872,5
1242,100.0,0.4159670834716843,5
1243,270.0,0.9857102922749964,5
1244,469.0,0.9996383100507473,5
1245,292.0,0.9956622122810852,5
1246,226.0,0.9829839117246109,5
1247,576.0,0.9775714319145037,5
1248,1421.0,0.9999950330362236,5
1249,578.0,0.9994038074088821,8
1250,210.0,0.9598794778630372,5
1251,221.0,0.9950638269770725,5
1252,1097.0,0.9999818381693951,5
1253,540.0,0.9909999538959685,5
1254,122.0,0.9676991922478523,5
1255,302.0,0.9916920837753084,6
1256,,-1.0,0
1257,,-1.0,0
1258,239.0,0.9939231263164281,5
1259,,-1.0,0
1260,,-1.0,0
1261,,-1.0,0
1262,739.0,0.9944559949242103,5
1263,490.0,0.9933906059967476,5
1264,124.0,0.9938921571411984,5
1265,1296.0,0.9927926025792201,5
1266,1021.0,0.994507740254851,5
1267,106.0,0.9980337416851931,5
1268,271.0,0.995256442484502,5
1269,588.0,0.9986425243732945,7
1270,49.0,0.9842153386987975,5
1271,96.0,0.9789752133413219,5
1272,508.0,0.9429486998455238,5
1273,254.0,0.9998733335453165,5
1274,930.0,0.996929835513497,5
1275,,-1.0,0
1276,876.0,0.9903210235650115,5
1277,367.0,0.9992092153677479,5
1278,292.0,0.9919231912234893,5
1279,24.0,0.9933739339975767,5
1280,688.0,0.9931091396769804,5
1281,86.0,0.990764336322193,7
1282,322.0,0.9941103330794159,5
1283,194.0,0.9907461818445799,6
1284,736.0,0.9970054309757443,5
1285,356.0,0.9999027238420705,5
1286,251.0,0.9958131228907704,8
1287,1028.0,0.970933220683359,5
1288,224.0,0.9937102697185682,5
1289,678.0,0.9864675198704296,5
1290,,-1.0,0
1291,301.0,0.9894065022736125,5
1292,,-1.0,0
1293,,-1.0,0
1294,313.0,0.9840435151459933,5
1295,266.0,0.9998745421309427,5
1296,1265.0,0.9927926025792201,5
1297,142.0,0.9940597156708411,6
1298,605.0,0.9999893985663199,5
1299,657.0,0.9996694351510453,5
1300,724.0,0.9969643863261581,5
1301,411.0,0.9860385666644872,5
1302,258.0,0.6394463487653839,5
1303,416.0,0.990391212842858,5
1304,,-1.0,0
1305,184.0,0.9930842349966984,5
1306,,-1.0,0
1307,,-1.0,0
1308,,-1.0,0
1309,,-1.0,0
1310,,-1.0,0
1311,158.0,0.9961580124544931,5
1312,100.0,0.9975009874603382,6
1313,56.0,0.9898009085074779,5
1314,1074.0,0.9840385740280484,5
1315,280.0,0.9931089507626712,5
1316,313.0,0.8750054329163153,6
1317,,-1.0,0
1318,,-1.0,0
1319,,-1.0,0
1320,,-1.0,0
1321,,-1.0,0
1322,1011.0,0.9953753289404252,5
1323,,-1.0,0
1324,3.0,0.9673826320904932,5
1325,,-1.0,0
1326,276.0,0.9891937390547929,5
1327,,-1.0,0
1328,475.0,0.9449842086154775,5
1329,,-1.0,0
1330,,-1.0,0
1331,,-1.0,0
1332,,-1.0,0
1333,100.0,0.8183579287189902,5
1334,,-1.0,0
1335,236.0,0.9911321458521872,6
1336,120.0,0.9854477505212199,5
1337,391.0,0.9998497338469661,5
1338,,-1.0,0
1339,,-1.0,0
1340,,-1.0,0
1341,,-1.0,0
1342,,-1.0,0
1343,,-1.0,0
1344,275.0,0.9376318356431886,5
1345,,-1.0,0
1346,,-1.0,0
1347,,-1.0,0
1348,,-1.0,0
1349,,-1.0,0
1350,,-1.0,0
1351,,-1.0,0
1352,,-1.0,0
1353,,-1.0,0
1354,,-1.0,0
1355,,-1.0,0
1356,,-1.0,0
1357,,-1.0,0
1358,,-1.0,0
1359,,-1.0,0
1360,,-1.0,0
1361,,-1.0,0
1362,,-1.0,0
1363,,-1.0,0
1364,,-1.0,0
1365,,-1.0,0
1366,,-1.0,0
1367,100.0,0.9614053135310335,5
1368,93.0,0.9758222419381863,5
1369,,-1.0,0
1370,,-1.0,0
1371,,-1.0,0
1372,,-1.0,0
1373,,-1.0,0
1374,,-1.0,0
1375,1171.0,0.9999994622328199,5
1376,456.0,0.9907276680195901,5
1377,,-1.0,0
1378,302.0,0.8912769241359518,5
1379,276.0,0.999872963553702,6
1380,302.0,0.9689644044939077,5
1381,333.0,0.986207697428885,5
1382,,-1.0,0
1383,455.0,0.9149336255756533,5
1384,,-1.0,0
1385,300.0,0.9177850532160359,5
1386,302.0,0.9247903657843624,5
1387,,-1.0,0
1388,302.0,0.9830508462350922,5
1389,,-1.0,0
1390,,-1.0,0
1391,,-1.0,0
1392,300.0,0.9088292858117182,5
1393,300.0,0.9883005077122407,7
1394,308.0,0.9878755428848901,6
1395,882.0,0.9996965210835685,5
1396,382.0,0.95105370857753,5
1397,504.0,0.9917295422136921,5
1398,,-1.0,0
1399,300.0,0.9274488570654108,5
1400,723.0,0.9999387113660817,5
1401,124.0,0.9998671511987699,5
1402,,-1.0,0
1403,,-1.0,0
1404,649.0,0.9924281641916947,5
1405,258.0,0.9890279842232897,5
1406,402.0,0.952696995259324,5
1407,1239.0,0.999999961347307,5
1408,,-1.0,0
1409,465.0,0.9923870361773065,5
1410,,-1.0,0
1411,128.0,0.9903988933246233,6
1412,432.0,0.9596340919352184,5
1413,998.0,0.9804664281024219,5
1414,,-1.0,0
1415,769.0,0.9930790907108417,6
1416,831.0,0.9997922586591445,5
1417,,-1.0,0
1418,,-1.0,0
1419,474.0,0.9880639623288932,6
1420,,-1.0,0
1421,1248.0,0.9999950330362236,5
1422,,-1.0,0
1423,,-1.0,0
1424,,-1.0,0
1425,1035.0,0.9911172101542413,5
1426,111.0,0.9841669889468359,5
1427,7.0,0.967360182970184,5
1428,693.0,0.9998977295342596,5
1429,,-1.0,0
1430,,-1.0,0
1431,,-1.0,0
1432,,-1.0,0
1433,,-1.0,0
1434,909.0,0.9922114045363223,5
1435,472.0,0.9917256526882269,5
1436,,-1.0,0
1437,578.0,0.9934895180401617,6
1438,806.0,0.9833156065864667,5
1439,723.0,0.9999409003231438,6
1440,732.0,0.9998063819538751,5
1441,294.0,0.999243541463795,5
1442,402.0,0.9476599833551731,5
1443,,-1.0,0
1444,415.0,0.9914844437609012,5
1445,,-1.0,0
1446,43.0,0.9999942715586092,5
1447,,-1.0,0
1448,,-1.0,0
1449,664.0,0.9993883000969442,5
1450,,-1.0,0
1451,381.0,0.9999025140248649,5
1452,,-1.0,0
1453,,-1.0,0
1454,657.0,0.9996725873161613,5
1455,,-1.0,0
1456,169.0,0.9944255161227207,5
1457,,-1.0,0
1458,,-1.0,0
1459,265.0,0.9954346771935008,5
1460,,-1.0,0
1461,,-1.0,0
1462,381.0,0.999668479800106,5
1463,,-1.0,0
1464,,-1.0,0
1465,,-1.0,0
1466,283.0,0.9916706187989941,5
1467,,-1.0,0
1468,470.0,0.9942419884319186,5
1469,1032.0,0.9999995624828175,5
1470,230.0,0.9423088099490076,5
1471,763.0,0.997997000018156,5
1472,,-1.0,0
1473,73.0,0.9953224053294137,5
1474,97.0,0.969667329528257,5
1475,59.0,0.996574683523953,5
1476,,-1.0,0
1477,,-1.0,0
1478,120.0,0.9949823996209775,5
1479,520.0,0.998376719459403,5
1480,946.0,0.9854269033879028,7
1481,,-1.0,0
1482,,-1.0,0
1483,684.0,0.9999567213290828,5
1484,,-1.0,0
1485,,-1.0,0
1486,,-1.0,0
1487,175.0,0.9000766081299433,5
1488,,-1.0,0
1489,96.0,0.9834394944046992,5
1490,,-1.0,0
1491,,-1.0,0
1492,,-1.0,0
1493,,-1.0,0
1494,,-1.0,0
1495,1007.0,0.9778709888967487,5
1496,926.0,0.9677148811200407,5
1497,,-1.0,0
1498,,-1.0,0
1499,,-1.0,0
1500,,-1.0,0
1501,170.0,0.9616952837201652,5
1502,,-1.0,0
1503,627.0,0.9924972910591792,6
1504,,-1.0,0
1505,,-1.0,0
1506,,-1.0,0
1507,,-1.0,0
1508,,-1.0,0
1509,2.0,0.9544841556509555,5
1510,,-1.0,0
1511,50.0,0.8030435617617071,5
1512,170.0,0.9839071069270159,5
1513,,-1.0,0
1514,475.0,0.9927627259252374,5
1515,,-1.0,0
1516,,-1.0,0
1517,95.0,0.984218879380166,5
1518,1220.0,0.9970038422298382,5
1519,,-1.0,0
1520,,-1.0,0
1521,,-1.0,0
1522,1090.0,0.992369089884043,5
1523,,-1.0,0
1524,1021.0,0.9999871985406554,5
1525,,-1.0,0
1526,,-1.0,0
1527,887.0,0.9831187621943286,5
1528,,-1.0,0
1529,45.0,0.9807473288333036,5
1530,191.0,0.9711932401173073,5
1531,97.0,0.9945915030157603,7
1532,,-1.0,0
1533,,-1.0,0
1534,181.0,0.7931585173513725,5
1535,,-1.0,0
1536,,-1.0,0
1537,,-1.0,0
1538,,-1.0,0
1539,,-1.0,0
1540,1074.0,0.990092689197919,5
1541,,-1.0,0
1542,,-1.0,0
1543,,-1.0,0
1544,,-1.0,0
1545,,-1.0,0
1546,,-1.0,0
1547,,-1.0,0
1548,,-1.0,0
1549,,-1.0,0
1550,,-1.0,0
1551,,-1.0,0
1552,,-1.0,0
1553,,-1.0,0
1554,,-1.0,0
1555,200.0,0.9855545038782956,5
1556,,-1.0,0
1557,,-1.0,0
1558,855.0,0.9827481586688523,5
1559,,-1.0,0
1560,,-1.0,0
1561,,-1.0,0
1562,,-1.0,0
1563,,-1.0,0
1564,,-1.0,0
1565,,-1.0,0
1566,,-1.0,0
1567,,-1.0,0
1568,,-1.0,0
1569,,-1.0,0
1570,,-1.0,0
1571,,-1.0,0
1572,,-1.0,0
1573,,-1.0,0
1574,,-1.0,0
1575,,-1.0,0
1576,,-1.0,0
1577,,-1.0,0
1578,,-1.0,0
1579,,-1.0,0
1580,,-1.0,0
1581,,-1.0,0
1582,,-1.0,0
1583,,-1.0,0
1584,,-1.0,0
1585,,-1.0,0
1586,,-1.0,0
1587,,-1.0,0
1588,,-1.0,0
1589,,-1.0,0
1590,,-1.0,0
1591,313.0,0.7637151012303527,6
1592,313.0,0.8927705200389292,5
1593,,-1.0,0
1594,,-1.0,0
1595,,-1.0,0
1596,,-1.0,0
1597,,-1.0,0
1598,127.0,0.9614932538235293,5
1599,,-1.0,0
1600,,-1.0,0
1601,,-1.0,0
1602,,-1.0,0
1603,,-1.0,0
1604,,-1.0,0
1605,,-1.0,0
1606,,-1.0,0
1607,,-1.0,0
1608,,-1.0,0
1609,,-1.0,0
1610,,-1.0,0
1611,,-1.0,0
1612,,-1.0,0
1613,,-1.0,0
1614,,-1.0,0
1615,496.0,0.9936575678144619,5
1616,,-1.0,0
1617,,-1.0,0
1618,,-1.0,0
1619,,-1.0,0
1620,125.0,0.9852769454205963,6
1621,,-1.0,0
1622,,-1.0,0
1623,,-1.0,0
1624,,-1.0,0
1625,,-1.0,0
1626,,-1.0,0
1627,,-1.0,0
1628,,-1.0,0
1629,,-1.0,0
1630,,-1.0,0
1631,,-1.0,0
1632,,-1.0,0
1633,,-1.0,0
1634,,-1.0,0
1635,,-1.0,0
1636,,-1.0,0
1637,,-1.0,0
1638,,-1.0,0
1639,,-1.0,0
1640,,-1.0,0
1641,,-1.0,0
1642,,-1.0,0
1643,,-1.0,0
1644,,-1.0,0
1645,,-1.0,0
1646,,-1.0,0
1647,,-1.0,0
1648,,-1.0,0
1649,,-1.0,0
1650,,-1.0,0
1651,,-1.0,0
1652,,-1.0,0
1653,,-1.0,0
1654,,-1.0,0
1655,,-1.0,0
1656,,-1.0,0
1657,,-1.0,0
1658,,-1.0,0
1659,,-1.0,0
1660,,-1.0,0
1661,,-1.0,0
1662,,-1.0,0
1663,,-1.0,0
1664,,-1.0,0
1665,,-1.0,0
1666,,-1.0,0
1667,,-1.0,0
1668,,-1.0,0
1669,,-1.0,0
1670,,-1.0,0
1671,,-1.0,0
1672,,-1.0,0
1673,,-1.0,0
1674,,-1.0,0
1675,,-1.0,0
1676,,-1.0,0
1677,,-1.0,0
1678,,-1.0,0
1679,,-1.0,0
1680,,-1.0,0
1681,,-1.0,0
1682,,-1.0,0
